{
  "heroTitle": "Cabinet comptable & fiscal pour indépendants et PME en Belgique",
  "heroText": "Tenue comptable, déclarations fiscales, conseil et accompagnement de la création à la croissance. Basé à Nivelles, actif partout en Belgique.",
  "metaLine": "Membre ITAA • SRL fondée en 2018 • Dirigé par David Pluquet",
  "ctaSee": "Voir les services",
  "servicesTitle": "Nos services",
  "whyTitle": "Pourquoi Davolifin",
  "pricingTitle": "Tarifs",
  "pricingLead": "Forfait dès 350 € — ajustable selon la demande. Devis unique ou régie pour dossiers complexes (avocat, notaire, etc.).",
  "faqTitle": "FAQ (rapide)",
  "contactTitle": "Contact",
  "addressLine": "Adresse: Faubourg de Bruxelles 11C/304, 1400 Nivelles • TVA: BE0690.882.401"
}