{
  "heroTitle": "Boekhoud‑ en fiscaal kantoor voor zelfstandigen en kmo’s in België",
  "heroText": "Boekhouding, fiscale aangiften, advies en begeleiding van opstart tot groei. Gevestigd in Nijvel, actief in heel België.",
  "metaLine": "Lid van ITAA • BV opgericht in 2018 • Geleid door David Pluquet",
  "ctaSee": "Bekijk de diensten",
  "servicesTitle": "Onze diensten",
  "whyTitle": "Waarom Davolifin",
  "pricingTitle": "Tarieven",
  "pricingLead": "Vaste prijs vanaf €350 — aanpasbaar volgens de vraag. Unieke offerte of werken in regie voor complexe dossiers (advocaat, notaris, enz.).",
  "faqTitle": "FAQ (kort)",
  "contactTitle": "Contact",
  "addressLine": "Adres: Faubourg de Bruxelles 11C/304, 1400 Nijvel • BTW: BE0690.882.401"
}